,Fare,Survived,family,Pclass_2,Pclass_3,Embarked_2,Embarked_3,title_2,title_3,title_4,title_5,"Age_Bucket_(5, 12]","Age_Bucket_(12, 18]","Age_Bucket_(18, 21]","Age_Bucket_(21, 30]","Age_Bucket_(30, 40]","Age_Bucket_(40, 50]","Age_Bucket_(50, 60]","Age_Bucket_(60, 70]","Age_Bucket_(70, 80]"
0,7.25,0,1,0,1,0,0,1,0,0,0,0,0,0,1,0,0,0,0,0
1,71.2833,1,1,0,0,1,0,0,0,1,0,0,0,0,0,1,0,0,0,0
2,7.925,1,0,0,1,0,0,0,1,0,0,0,0,0,1,0,0,0,0,0
3,53.1,1,1,0,0,0,0,0,0,1,0,0,0,0,0,1,0,0,0,0
4,8.05,0,0,0,1,0,0,1,0,0,0,0,0,0,0,1,0,0,0,0
5,8.4583,0,0,0,1,0,1,1,0,0,0,0,0,0,0,1,0,0,0,0
6,51.8625,0,0,0,0,0,0,1,0,0,0,0,0,0,0,0,0,1,0,0
7,21.075,0,1,0,1,0,0,0,0,0,1,0,0,0,0,0,0,0,0,0
8,11.1333,1,1,0,1,0,0,0,0,1,0,0,0,0,1,0,0,0,0,0
9,30.0708,1,1,1,0,1,0,0,0,1,0,0,1,0,0,0,0,0,0,0
10,16.7,1,1,0,1,0,0,0,1,0,0,0,0,0,0,0,0,0,0,0
11,26.55,1,0,0,0,0,0,0,1,0,0,0,0,0,0,0,0,1,0,0
12,8.05,0,0,0,1,0,0,1,0,0,0,0,0,1,0,0,0,0,0,0
13,31.275,0,1,0,1,0,0,1,0,0,0,0,0,0,0,1,0,0,0,0
14,7.8542,0,0,0,1,0,0,0,1,0,0,0,1,0,0,0,0,0,0,0
15,16.0,1,0,1,0,0,0,0,0,1,0,0,0,0,0,0,0,1,0,0
16,29.125,0,1,0,1,0,1,0,0,0,1,0,0,0,0,0,0,0,0,0
17,13.0,1,0,1,0,0,0,1,0,0,0,0,0,0,0,1,0,0,0,0
18,18.0,0,1,0,1,0,0,0,0,1,0,0,0,0,0,1,0,0,0,0
19,7.225,1,0,0,1,1,0,0,0,1,0,0,0,0,0,1,0,0,0,0
20,26.0,0,0,1,0,0,0,1,0,0,0,0,0,0,0,1,0,0,0,0
21,13.0,1,0,1,0,0,0,1,0,0,0,0,0,0,0,1,0,0,0,0
22,8.0292,1,0,0,1,0,1,0,1,0,0,0,1,0,0,0,0,0,0,0
23,35.5,1,0,0,0,0,0,1,0,0,0,0,0,0,1,0,0,0,0,0
24,21.075,0,1,0,1,0,0,0,1,0,0,1,0,0,0,0,0,0,0,0
25,31.3875,1,1,0,1,0,0,0,0,1,0,0,0,0,0,1,0,0,0,0
26,7.225,0,0,0,1,1,0,1,0,0,0,0,0,0,0,1,0,0,0,0
27,263.0,0,1,0,0,0,0,1,0,0,0,0,0,1,0,0,0,0,0,0
28,7.8792,1,0,0,1,0,1,0,1,0,0,0,0,0,1,0,0,0,0,0
29,7.8958,0,0,0,1,0,0,1,0,0,0,0,0,0,0,1,0,0,0,0
30,27.7208,0,0,0,0,1,0,0,0,0,0,0,0,0,0,1,0,0,0,0
31,146.5208,1,1,0,0,1,0,0,0,1,0,0,0,0,0,1,0,0,0,0
32,7.75,1,0,0,1,0,1,0,1,0,0,0,0,0,1,0,0,0,0,0
33,10.5,0,0,1,0,0,0,1,0,0,0,0,0,0,0,0,0,0,1,0
34,82.1708,0,1,0,0,1,0,1,0,0,0,0,0,0,1,0,0,0,0,0
35,52.0,0,1,0,0,0,0,1,0,0,0,0,0,0,0,0,1,0,0,0
36,7.2292,1,0,0,1,1,0,1,0,0,0,0,0,0,0,1,0,0,0,0
37,8.05,0,0,0,1,0,0,1,0,0,0,0,0,1,0,0,0,0,0,0
38,18.0,0,1,0,1,0,0,0,1,0,0,0,1,0,0,0,0,0,0,0
39,11.2417,1,1,0,1,1,0,0,1,0,0,0,1,0,0,0,0,0,0,0
40,9.475,0,1,0,1,0,0,0,0,1,0,0,0,0,0,1,0,0,0,0
41,21.0,0,1,1,0,0,0,0,0,1,0,0,0,0,1,0,0,0,0,0
42,7.8958,0,0,0,1,1,0,1,0,0,0,0,0,0,0,1,0,0,0,0
43,41.5792,1,1,1,0,1,0,0,1,0,0,0,0,0,0,0,0,0,0,0
44,7.8792,1,0,0,1,0,1,0,1,0,0,0,0,1,0,0,0,0,0,0
45,8.05,0,0,0,1,0,0,1,0,0,0,0,0,0,0,1,0,0,0,0
46,15.5,0,1,0,1,0,1,1,0,0,0,0,0,0,0,1,0,0,0,0
47,7.75,1,0,0,1,0,1,0,1,0,0,0,0,0,1,0,0,0,0,0
48,21.6792,0,1,0,1,1,0,1,0,0,0,0,0,0,0,1,0,0,0,0
49,17.8,0,1,0,1,0,0,0,0,1,0,0,1,0,0,0,0,0,0,0
50,39.6875,0,1,0,1,0,0,0,0,0,1,1,0,0,0,0,0,0,0,0
51,7.8,0,0,0,1,0,0,1,0,0,0,0,0,1,0,0,0,0,0,0
52,76.7292,1,1,0,0,1,0,0,0,1,0,0,0,0,0,0,1,0,0,0
53,26.0,1,1,1,0,0,0,0,0,1,0,0,0,0,1,0,0,0,0,0
54,61.9792,0,1,0,0,1,0,1,0,0,0,0,0,0,0,0,0,0,1,0
55,35.5,1,0,0,0,0,0,1,0,0,0,0,0,0,0,1,0,0,0,0
56,10.5,1,0,1,0,0,0,0,1,0,0,0,0,1,0,0,0,0,0,0
57,7.2292,0,0,0,1,1,0,1,0,0,0,0,0,0,1,0,0,0,0,0
58,27.75,1,1,1,0,0,0,0,1,0,0,0,0,0,0,0,0,0,0,0
59,46.9,0,1,0,1,0,0,0,0,0,1,1,0,0,0,0,0,0,0,0
60,7.2292,0,0,0,1,1,0,1,0,0,0,0,0,0,1,0,0,0,0,0
61,80.0,1,0,0,0,0,0,0,1,0,0,0,0,0,0,1,0,0,0,0
62,83.475,0,1,0,0,0,0,1,0,0,0,0,0,0,0,0,1,0,0,0
63,27.9,0,1,0,1,0,0,0,0,0,1,0,0,0,0,0,0,0,0,0
64,27.7208,0,0,0,0,1,0,1,0,0,0,0,0,0,0,1,0,0,0,0
65,15.2458,1,1,0,1,1,0,0,0,0,1,0,0,0,0,0,0,0,0,0
66,10.5,1,0,1,0,0,0,0,0,1,0,0,0,0,1,0,0,0,0,0
67,8.1583,0,0,0,1,0,0,1,0,0,0,0,0,1,0,0,0,0,0,0
68,7.925,1,1,0,1,0,0,0,1,0,0,0,1,0,0,0,0,0,0,0
69,8.6625,0,1,0,1,0,0,1,0,0,0,0,0,0,1,0,0,0,0,0
70,10.5,0,0,1,0,0,0,1,0,0,0,0,0,0,0,1,0,0,0,0
71,46.9,0,1,0,1,0,0,0,1,0,0,0,1,0,0,0,0,0,0,0
72,73.5,0,0,1,0,0,0,1,0,0,0,0,0,1,0,0,0,0,0,0
73,14.4542,0,1,0,1,1,0,1,0,0,0,0,0,0,1,0,0,0,0,0
74,56.4958,1,0,0,1,0,0,1,0,0,0,0,0,0,0,1,0,0,0,0
75,7.65,0,0,0,1,0,0,1,0,0,0,0,0,0,1,0,0,0,0,0
76,7.8958,0,0,0,1,0,0,1,0,0,0,0,0,0,0,1,0,0,0,0
77,8.05,0,0,0,1,0,0,1,0,0,0,0,0,0,0,1,0,0,0,0
78,29.0,1,1,1,0,0,0,0,0,0,1,0,0,0,0,0,0,0,0,0
79,12.475,1,0,0,1,0,0,0,1,0,0,0,0,0,1,0,0,0,0,0
80,9.0,0,0,0,1,0,0,1,0,0,0,0,0,0,1,0,0,0,0,0
81,9.5,1,0,0,1,0,0,1,0,0,0,0,0,0,1,0,0,0,0,0
82,7.7875,1,0,0,1,0,1,0,1,0,0,0,0,0,1,0,0,0,0,0
83,47.1,0,0,0,0,0,0,1,0,0,0,0,0,0,1,0,0,0,0,0
84,10.5,1,0,1,0,0,0,0,1,0,0,0,1,0,0,0,0,0,0,0
85,15.85,1,1,0,1,0,0,0,0,1,0,0,0,0,0,1,0,0,0,0
86,34.375,0,1,0,1,0,0,1,0,0,0,0,1,0,0,0,0,0,0,0
87,8.05,0,0,0,1,0,0,1,0,0,0,0,0,0,0,1,0,0,0,0
88,263.0,1,1,0,0,0,0,0,1,0,0,0,0,0,1,0,0,0,0,0
89,8.05,0,0,0,1,0,0,1,0,0,0,0,0,0,1,0,0,0,0,0
90,8.05,0,0,0,1,0,0,1,0,0,0,0,0,0,1,0,0,0,0,0
91,7.8542,0,0,0,1,0,0,1,0,0,0,0,0,1,0,0,0,0,0,0
92,61.175,0,1,0,0,0,0,1,0,0,0,0,0,0,0,0,1,0,0,0
93,20.575,0,1,0,1,0,0,1,0,0,0,0,0,0,1,0,0,0,0,0
94,7.25,0,0,0,1,0,0,1,0,0,0,0,0,0,0,0,0,1,0,0
95,8.05,0,0,0,1,0,0,1,0,0,0,0,0,0,0,1,0,0,0,0
96,34.6542,0,0,0,0,1,0,1,0,0,0,0,0,0,0,0,0,0,0,1
97,63.3583,1,1,0,0,1,0,1,0,0,0,0,0,0,1,0,0,0,0,0
98,23.0,1,1,1,0,0,0,0,0,1,0,0,0,0,0,1,0,0,0,0
99,26.0,0,1,1,0,0,0,1,0,0,0,0,0,0,0,1,0,0,0,0
100,7.8958,0,0,0,1,0,0,0,1,0,0,0,0,0,1,0,0,0,0,0
101,7.8958,0,0,0,1,0,0,1,0,0,0,0,0,0,0,1,0,0,0,0
102,77.2875,0,1,0,0,0,0,1,0,0,0,0,0,1,0,0,0,0,0,0
103,8.6542,0,0,0,1,0,0,1,0,0,0,0,0,0,0,1,0,0,0,0
104,7.925,0,1,0,1,0,0,1,0,0,0,0,0,0,0,1,0,0,0,0
105,7.8958,0,0,0,1,0,0,1,0,0,0,0,0,0,1,0,0,0,0,0
106,7.65,1,0,0,1,0,0,0,1,0,0,0,0,1,0,0,0,0,0,0
107,7.775,1,0,0,1,0,0,1,0,0,0,0,0,0,0,1,0,0,0,0
108,7.8958,0,0,0,1,0,0,1,0,0,0,0,0,0,0,1,0,0,0,0
109,24.15,1,1,0,1,0,1,0,1,0,0,0,0,0,1,0,0,0,0,0
110,52.0,0,0,0,0,0,0,1,0,0,0,0,0,0,0,0,1,0,0,0
111,14.4542,0,1,0,1,1,0,0,1,0,0,0,1,0,0,0,0,0,0,0
112,8.05,0,0,0,1,0,0,1,0,0,0,0,0,0,1,0,0,0,0,0
113,9.825,0,1,0,1,0,0,0,1,0,0,0,0,1,0,0,0,0,0,0
114,14.4583,0,0,0,1,1,0,0,1,0,0,0,1,0,0,0,0,0,0,0
115,7.925,0,0,0,1,0,0,1,0,0,0,0,0,1,0,0,0,0,0,0
116,7.75,0,0,0,1,0,1,1,0,0,0,0,0,0,0,0,0,0,0,1
117,21.0,0,1,1,0,0,0,1,0,0,0,0,0,0,1,0,0,0,0,0
118,247.5208,0,1,0,0,1,0,1,0,0,0,0,0,0,1,0,0,0,0,0
119,31.275,0,1,0,1,0,0,0,1,0,0,0,0,0,0,0,0,0,0,0
120,73.5,0,1,1,0,0,0,1,0,0,0,0,0,1,0,0,0,0,0,0
121,8.05,0,0,0,1,0,0,1,0,0,0,0,0,0,0,1,0,0,0,0
122,30.0708,0,1,1,0,1,0,1,0,0,0,0,0,0,0,1,0,0,0,0
123,13.0,1,0,1,0,0,0,0,1,0,0,0,0,0,0,1,0,0,0,0
124,77.2875,0,1,0,0,0,0,1,0,0,0,0,0,0,0,0,0,1,0,0
125,11.2417,1,1,0,1,1,0,0,0,0,1,1,0,0,0,0,0,0,0,0
126,7.75,0,0,0,1,0,1,1,0,0,0,0,0,0,0,1,0,0,0,0
127,7.1417,1,0,0,1,0,0,1,0,0,0,0,0,0,1,0,0,0,0,0
128,22.3583,1,1,0,1,1,0,0,1,0,0,0,0,0,1,0,0,0,0,0
129,6.975,0,0,0,1,0,0,1,0,0,0,0,0,0,0,0,1,0,0,0
130,7.8958,0,0,0,1,1,0,1,0,0,0,0,0,0,0,1,0,0,0,0
131,7.05,0,0,0,1,0,0,1,0,0,0,0,0,1,0,0,0,0,0,0
132,14.5,0,1,0,1,0,0,0,0,1,0,0,0,0,0,0,1,0,0,0
133,26.0,1,1,1,0,0,0,0,0,1,0,0,0,0,1,0,0,0,0,0
134,13.0,0,0,1,0,0,0,1,0,0,0,0,0,0,1,0,0,0,0,0
135,15.0458,0,0,1,0,1,0,1,0,0,0,0,0,0,1,0,0,0,0,0
136,26.2833,1,1,0,0,0,0,0,1,0,0,0,0,1,0,0,0,0,0,0
137,53.1,0,1,0,0,0,0,1,0,0,0,0,0,0,0,1,0,0,0,0
138,9.2167,0,0,0,1,0,0,1,0,0,0,0,1,0,0,0,0,0,0,0
139,79.2,0,0,0,0,1,0,1,0,0,0,0,0,0,1,0,0,0,0,0
140,15.2458,0,1,0,1,1,0,0,0,1,0,0,0,0,0,1,0,0,0,0
141,7.75,1,0,0,1,0,0,0,1,0,0,0,0,0,1,0,0,0,0,0
142,15.85,1,1,0,1,0,0,0,0,1,0,0,0,0,1,0,0,0,0,0
143,6.75,0,0,0,1,0,1,1,0,0,0,0,0,1,0,0,0,0,0,0
144,11.5,0,0,1,0,0,0,1,0,0,0,0,1,0,0,0,0,0,0,0
145,36.75,0,1,1,0,0,0,1,0,0,0,0,0,1,0,0,0,0,0,0
146,7.7958,1,0,0,1,0,0,1,0,0,0,0,0,0,1,0,0,0,0,0
147,34.375,0,1,0,1,0,0,0,1,0,0,1,0,0,0,0,0,0,0,0
148,26.0,0,1,1,0,0,0,1,0,0,0,0,0,0,0,1,0,0,0,0
149,13.0,0,0,1,0,0,0,0,0,0,0,0,0,0,0,0,1,0,0,0
150,12.525,0,0,1,0,0,0,0,0,0,0,0,0,0,0,0,0,1,0,0
151,66.6,1,1,0,0,0,0,0,0,1,0,0,0,0,1,0,0,0,0,0
152,8.05,0,0,0,1,0,0,1,0,0,0,0,0,0,0,0,0,1,0,0
153,14.5,0,1,0,1,0,0,1,0,0,0,0,0,0,0,0,1,0,0,0
154,7.3125,0,0,0,1,0,0,1,0,0,0,0,0,0,0,1,0,0,0,0
155,61.3792,0,1,0,0,1,0,1,0,0,0,0,0,0,0,0,0,1,0,0
156,7.7333,1,0,0,1,0,1,0,1,0,0,0,1,0,0,0,0,0,0,0
157,8.05,0,0,0,1,0,0,1,0,0,0,0,0,0,1,0,0,0,0,0
158,8.6625,0,0,0,1,0,0,1,0,0,0,0,0,0,0,1,0,0,0,0
159,69.55,0,1,0,1,0,0,0,0,0,1,0,0,0,0,0,0,0,0,0
160,16.1,0,1,0,1,0,0,1,0,0,0,0,0,0,0,0,1,0,0,0
161,15.75,1,0,1,0,0,0,0,0,1,0,0,0,0,0,1,0,0,0,0
162,7.775,0,0,0,1,0,0,1,0,0,0,0,0,0,1,0,0,0,0,0
163,8.6625,0,0,0,1,0,0,1,0,0,0,0,1,0,0,0,0,0,0,0
164,39.6875,0,1,0,1,0,0,0,0,0,1,0,0,0,0,0,0,0,0,0
165,20.525,1,1,0,1,0,0,0,0,0,1,1,0,0,0,0,0,0,0,0
166,55.0,1,1,0,0,0,0,0,0,1,0,0,0,0,0,1,0,0,0,0
167,27.9,0,1,0,1,0,0,0,0,1,0,0,0,0,0,0,1,0,0,0
168,25.925,0,0,0,0,0,0,1,0,0,0,0,0,0,0,1,0,0,0,0
169,56.4958,0,0,0,1,0,0,1,0,0,0,0,0,0,1,0,0,0,0,0
170,33.5,0,0,0,0,0,0,1,0,0,0,0,0,0,0,0,0,0,1,0
171,29.125,0,1,0,1,0,1,0,0,0,1,0,0,0,0,0,0,0,0,0
172,11.1333,1,1,0,1,0,0,0,1,0,0,0,0,0,0,0,0,0,0,0
173,7.925,0,0,0,1,0,0,1,0,0,0,0,0,1,0,0,0,0,0,0
174,30.6958,0,0,0,0,1,0,1,0,0,0,0,0,0,0,0,0,1,0,0
175,7.8542,0,1,0,1,0,0,1,0,0,0,0,1,0,0,0,0,0,0,0
176,25.4667,0,1,0,1,0,0,0,0,0,1,0,0,0,0,0,0,0,0,0
177,28.7125,0,0,0,0,1,0,0,1,0,0,0,0,0,0,0,1,0,0,0
178,13.0,0,0,1,0,0,0,1,0,0,0,0,0,0,1,0,0,0,0,0
179,0.0,0,0,0,1,0,0,1,0,0,0,0,0,0,0,1,0,0,0,0
180,69.55,0,1,0,1,0,0,0,1,0,0,0,0,0,1,0,0,0,0,0
181,15.05,0,0,1,0,1,0,1,0,0,0,0,0,0,0,1,0,0,0,0
182,31.3875,0,1,0,1,0,0,0,0,0,1,1,0,0,0,0,0,0,0,0
183,39.0,1,1,1,0,0,0,0,0,0,1,0,0,0,0,0,0,0,0,0
184,22.025,1,1,0,1,0,0,0,1,0,0,0,0,0,0,0,0,0,0,0
185,50.0,0,0,0,0,0,0,1,0,0,0,0,0,0,0,1,0,0,0,0
186,15.5,1,1,0,1,0,1,0,0,1,0,0,0,0,0,1,0,0,0,0
187,26.55,1,0,0,0,0,0,1,0,0,0,0,0,0,0,0,1,0,0,0
188,15.5,0,1,0,1,0,1,1,0,0,0,0,0,0,0,1,0,0,0,0
189,7.8958,0,0,0,1,0,0,1,0,0,0,0,0,0,0,1,0,0,0,0
190,13.0,1,0,1,0,0,0,0,0,1,0,0,0,0,0,1,0,0,0,0
191,13.0,0,0,1,0,0,0,1,0,0,0,0,0,1,0,0,0,0,0,0
192,7.8542,1,1,0,1,0,0,0,1,0,0,0,0,1,0,0,0,0,0,0
193,26.0,1,1,1,0,0,0,0,0,0,1,0,0,0,0,0,0,0,0,0
194,27.7208,1,0,0,0,1,0,0,0,1,0,0,0,0,0,0,1,0,0,0
195,146.5208,1,0,0,0,1,0,0,1,0,0,0,0,0,0,0,0,1,0,0
196,7.75,0,0,0,1,0,1,1,0,0,0,0,0,0,0,1,0,0,0,0
197,8.4042,0,1,0,1,0,0,1,0,0,0,0,0,0,0,0,1,0,0,0
198,7.75,1,0,0,1,0,1,0,1,0,0,0,0,0,1,0,0,0,0,0
199,13.0,0,0,1,0,0,0,0,1,0,0,0,0,0,1,0,0,0,0,0
200,9.5,0,0,0,1,0,0,1,0,0,0,0,0,0,1,0,0,0,0,0
201,69.55,0,1,0,1,0,0,1,0,0,0,0,0,0,0,1,0,0,0,0
202,6.4958,0,0,0,1,0,0,1,0,0,0,0,0,0,0,1,0,0,0,0
203,7.225,0,0,0,1,1,0,1,0,0,0,0,0,0,0,0,1,0,0,0
204,8.05,1,0,0,1,0,0,1,0,0,0,0,1,0,0,0,0,0,0,0
205,10.4625,0,1,0,1,0,0,0,1,0,0,0,0,0,0,0,0,0,0,0
206,15.85,0,1,0,1,0,0,1,0,0,0,0,0,0,0,1,0,0,0,0
207,18.7875,1,0,0,1,1,0,1,0,0,0,0,0,0,1,0,0,0,0,0
208,7.75,1,0,0,1,0,1,0,1,0,0,0,1,0,0,0,0,0,0,0
209,31.0,1,0,0,0,1,0,1,0,0,0,0,0,0,0,1,0,0,0,0
210,7.05,0,0,0,1,0,0,1,0,0,0,0,0,0,1,0,0,0,0,0
211,21.0,1,0,1,0,0,0,0,1,0,0,0,0,0,0,1,0,0,0,0
212,7.25,0,0,0,1,0,0,1,0,0,0,0,0,0,1,0,0,0,0,0
213,13.0,0,0,1,0,0,0,1,0,0,0,0,0,0,1,0,0,0,0,0
214,7.75,0,1,0,1,0,1,1,0,0,0,0,0,0,0,1,0,0,0,0
215,113.275,1,1,0,0,1,0,0,1,0,0,0,0,0,0,1,0,0,0,0
216,7.925,1,0,0,1,0,0,0,1,0,0,0,0,0,1,0,0,0,0,0
217,27.0,0,1,1,0,0,0,1,0,0,0,0,0,0,0,0,1,0,0,0
218,76.2917,1,0,0,0,1,0,0,1,0,0,0,0,0,0,1,0,0,0,0
219,10.5,0,0,1,0,0,0,1,0,0,0,0,0,0,1,0,0,0,0,0
220,8.05,1,0,0,1,0,0,1,0,0,0,0,1,0,0,0,0,0,0,0
221,13.0,0,0,1,0,0,0,1,0,0,0,0,0,0,1,0,0,0,0,0
222,8.05,0,0,0,1,0,0,1,0,0,0,0,0,0,0,0,0,1,0,0
223,7.8958,0,0,0,1,0,0,1,0,0,0,0,0,0,0,1,0,0,0,0
224,90.0,1,1,0,0,0,0,1,0,0,0,0,0,0,0,1,0,0,0,0
225,9.35,0,0,0,1,0,0,1,0,0,0,0,0,0,1,0,0,0,0,0
226,10.5,1,0,1,0,0,0,1,0,0,0,0,0,1,0,0,0,0,0,0
227,7.25,0,0,0,1,0,0,1,0,0,0,0,0,1,0,0,0,0,0,0
228,13.0,0,0,1,0,0,0,1,0,0,0,0,1,0,0,0,0,0,0,0
229,25.4667,0,1,0,1,0,0,0,1,0,0,0,0,0,1,0,0,0,0,0
230,83.475,1,1,0,0,0,0,0,0,1,0,0,0,0,0,1,0,0,0,0
231,7.775,0,0,0,1,0,0,1,0,0,0,0,0,0,1,0,0,0,0,0
232,13.5,0,0,1,0,0,0,1,0,0,0,0,0,0,0,0,0,1,0,0
233,31.3875,1,1,0,1,0,0,0,1,0,0,0,0,0,0,0,0,0,0,0
234,10.5,0,0,1,0,0,0,1,0,0,0,0,0,0,1,0,0,0,0,0
235,7.55,0,0,0,1,0,0,0,1,0,0,0,0,0,1,0,0,0,0,0
236,26.0,0,1,1,0,0,0,1,0,0,0,0,0,0,0,0,1,0,0,0
237,26.25,1,1,1,0,0,0,0,1,0,0,1,0,0,0,0,0,0,0,0
238,10.5,0,0,1,0,0,0,1,0,0,0,0,0,1,0,0,0,0,0,0
239,12.275,0,0,1,0,0,0,1,0,0,0,0,0,0,0,1,0,0,0,0
240,14.4542,0,1,0,1,1,0,0,1,0,0,0,0,0,1,0,0,0,0,0
241,15.5,1,1,0,1,0,1,0,1,0,0,0,0,0,1,0,0,0,0,0
242,10.5,0,0,1,0,0,0,1,0,0,0,0,0,0,1,0,0,0,0,0
243,7.125,0,0,0,1,0,0,1,0,0,0,0,0,0,1,0,0,0,0,0
244,7.225,0,0,0,1,1,0,1,0,0,0,0,0,0,1,0,0,0,0,0
245,90.0,0,1,0,0,0,1,0,0,0,0,0,0,0,0,0,1,0,0,0
246,7.775,0,0,0,1,0,0,0,1,0,0,0,0,0,1,0,0,0,0,0
247,14.5,1,1,1,0,0,0,0,0,1,0,0,0,0,1,0,0,0,0,0
248,52.5542,1,1,0,0,0,0,1,0,0,0,0,0,0,0,1,0,0,0,0
249,26.0,0,1,1,0,0,0,0,0,0,0,0,0,0,0,0,0,1,0,0
250,7.25,0,0,0,1,0,0,1,0,0,0,0,0,0,0,1,0,0,0,0
251,10.4625,0,1,0,1,0,0,0,0,1,0,0,0,0,1,0,0,0,0,0
252,26.55,0,0,0,0,0,0,1,0,0,0,0,0,0,0,0,0,0,1,0
253,16.1,0,1,0,1,0,0,1,0,0,0,0,0,0,1,0,0,0,0,0
254,20.2125,0,1,0,1,0,0,0,0,1,0,0,0,0,0,0,1,0,0,0
255,15.2458,1,1,0,1,1,0,0,0,1,0,0,0,0,1,0,0,0,0,0
256,79.2,1,0,0,0,1,0,0,0,1,0,0,0,0,0,1,0,0,0,0
257,86.5,1,0,0,0,0,0,0,1,0,0,0,0,0,1,0,0,0,0,0
258,512.3292,1,0,0,0,1,0,0,1,0,0,0,0,0,0,1,0,0,0,0
259,26.0,1,1,1,0,0,0,0,0,1,0,0,0,0,0,0,1,0,0,0
260,7.75,0,0,0,1,0,1,1,0,0,0,0,0,0,0,1,0,0,0,0
261,31.3875,1,1,0,1,0,0,0,0,0,1,0,0,0,0,0,0,0,0,0
262,79.65,0,1,0,0,0,0,1,0,0,0,0,0,0,0,0,0,1,0,0
263,0.0,0,0,0,0,0,0,1,0,0,0,0,0,0,0,1,0,0,0,0
264,7.75,0,0,0,1,0,1,0,1,0,0,0,0,0,1,0,0,0,0,0
265,10.5,0,0,1,0,0,0,1,0,0,0,0,0,0,0,1,0,0,0,0
266,39.6875,0,1,0,1,0,0,1,0,0,0,0,1,0,0,0,0,0,0,0
267,7.775,1,1,0,1,0,0,1,0,0,0,0,0,0,1,0,0,0,0,0
268,153.4625,1,1,0,0,0,0,0,0,1,0,0,0,0,0,0,0,1,0,0
269,135.6333,1,0,0,0,0,0,0,1,0,0,0,0,0,0,1,0,0,0,0
270,31.0,0,0,0,0,0,0,1,0,0,0,0,0,0,0,1,0,0,0,0
271,0.0,1,0,0,1,0,0,1,0,0,0,0,0,0,1,0,0,0,0,0
272,19.5,1,1,1,0,0,0,0,0,1,0,0,0,0,0,0,1,0,0,0
273,29.7,0,1,0,0,1,0,1,0,0,0,0,0,0,0,1,0,0,0,0
274,7.75,1,0,0,1,0,1,0,1,0,0,0,0,0,1,0,0,0,0,0
275,77.9583,1,1,0,0,0,0,0,1,0,0,0,0,0,0,0,0,0,1,0
276,7.75,0,0,0,1,0,0,0,1,0,0,0,0,0,0,0,1,0,0,0
277,0.0,0,0,1,0,0,0,1,0,0,0,0,0,0,0,1,0,0,0,0
278,29.125,0,1,0,1,0,1,0,0,0,1,1,0,0,0,0,0,0,0,0
279,20.25,1,1,0,1,0,0,0,0,1,0,0,0,0,0,1,0,0,0,0
280,7.75,0,0,0,1,0,1,1,0,0,0,0,0,0,0,0,0,0,1,0
281,7.8542,0,0,0,1,0,0,1,0,0,0,0,0,0,1,0,0,0,0,0
282,9.5,0,0,0,1,0,0,1,0,0,0,0,1,0,0,0,0,0,0,0
283,8.05,1,0,0,1,0,0,1,0,0,0,0,0,1,0,0,0,0,0,0
284,26.0,0,0,0,0,0,0,1,0,0,0,0,0,0,0,1,0,0,0,0
285,8.6625,0,0,0,1,1,0,1,0,0,0,0,0,0,0,1,0,0,0,0
286,9.5,1,0,0,1,0,0,1,0,0,0,0,0,0,1,0,0,0,0,0
287,7.8958,0,0,0,1,0,0,1,0,0,0,0,0,0,1,0,0,0,0,0
288,13.0,1,0,1,0,0,0,1,0,0,0,0,0,0,0,0,1,0,0,0
289,7.75,1,0,0,1,0,1,0,1,0,0,0,0,0,1,0,0,0,0,0
290,78.85,1,0,0,0,0,0,0,1,0,0,0,0,0,1,0,0,0,0,0
291,91.0792,1,1,0,0,1,0,0,0,1,0,0,0,1,0,0,0,0,0,0
292,12.875,0,0,1,0,1,0,1,0,0,0,0,0,0,0,1,0,0,0,0
293,8.85,0,0,0,1,0,0,0,1,0,0,0,0,0,1,0,0,0,0,0
294,7.8958,0,0,0,1,0,0,1,0,0,0,0,0,0,1,0,0,0,0,0
295,27.7208,0,0,0,0,1,0,1,0,0,0,0,0,0,0,1,0,0,0,0
296,7.2292,0,0,0,1,1,0,1,0,0,0,0,0,0,1,0,0,0,0,0
297,151.55,0,1,0,0,0,0,0,1,0,0,0,0,0,0,0,0,0,0,0
298,30.5,1,0,0,0,0,0,1,0,0,0,0,0,0,0,1,0,0,0,0
299,247.5208,1,1,0,0,1,0,0,0,1,0,0,0,0,0,0,1,0,0,0
300,7.75,1,0,0,1,0,1,0,1,0,0,0,0,0,1,0,0,0,0,0
301,23.25,1,1,0,1,0,1,1,0,0,0,0,0,0,0,1,0,0,0,0
302,0.0,0,0,0,1,0,0,1,0,0,0,0,0,1,0,0,0,0,0,0
303,12.35,1,0,1,0,0,1,0,1,0,0,0,0,0,1,0,0,0,0,0
304,8.05,0,0,0,1,0,0,1,0,0,0,0,0,0,0,1,0,0,0,0
305,151.55,1,1,0,0,0,0,0,0,0,1,0,0,0,0,0,0,0,0,0
306,110.8833,1,0,0,0,1,0,0,1,0,0,0,0,0,1,0,0,0,0,0
307,108.9,1,1,0,0,1,0,0,0,1,0,0,1,0,0,0,0,0,0,0
308,24.0,0,1,1,0,1,0,1,0,0,0,0,0,0,1,0,0,0,0,0
309,56.9292,1,0,0,0,1,0,0,1,0,0,0,0,0,1,0,0,0,0,0
310,83.1583,1,0,0,0,1,0,0,1,0,0,0,0,0,1,0,0,0,0,0
311,262.375,1,1,0,0,1,0,0,1,0,0,0,1,0,0,0,0,0,0,0
312,26.0,0,1,1,0,0,0,0,0,1,0,0,0,0,1,0,0,0,0,0
313,7.8958,0,0,0,1,0,0,1,0,0,0,0,0,0,1,0,0,0,0,0
314,26.25,0,1,1,0,0,0,1,0,0,0,0,0,0,0,0,1,0,0,0
315,7.8542,1,0,0,1,0,0,0,1,0,0,0,0,0,1,0,0,0,0,0
316,26.0,1,1,1,0,0,0,0,0,1,0,0,0,0,1,0,0,0,0,0
317,14.0,0,0,1,0,0,0,0,0,0,0,0,0,0,0,0,0,1,0,0
318,164.8667,1,1,0,0,0,0,0,1,0,0,0,0,0,0,1,0,0,0,0
319,134.5,1,1,0,0,1,0,0,0,1,0,0,0,0,0,1,0,0,0,0
320,7.25,0,0,0,1,0,0,1,0,0,0,0,0,0,1,0,0,0,0,0
321,7.8958,0,0,0,1,0,0,1,0,0,0,0,0,0,1,0,0,0,0,0
322,12.35,1,0,1,0,0,1,0,1,0,0,0,0,0,1,0,0,0,0,0
323,29.0,1,1,1,0,0,0,0,0,1,0,0,0,0,1,0,0,0,0,0
324,69.55,0,1,0,1,0,0,1,0,0,0,0,0,0,0,1,0,0,0,0
325,135.6333,1,0,0,0,1,0,0,1,0,0,0,0,0,0,1,0,0,0,0
326,6.2375,0,0,0,1,0,0,1,0,0,0,0,0,0,0,0,0,0,1,0
327,13.0,1,0,1,0,0,0,0,0,1,0,0,0,0,0,1,0,0,0,0
328,20.525,1,1,0,1,0,0,0,0,1,0,0,0,0,0,1,0,0,0,0
329,57.9792,1,1,0,0,1,0,0,1,0,0,0,1,0,0,0,0,0,0,0
330,23.25,1,1,0,1,0,1,0,1,0,0,0,0,0,1,0,0,0,0,0
331,28.5,0,0,0,0,0,0,1,0,0,0,0,0,0,0,0,1,0,0,0
332,153.4625,0,1,0,0,0,0,1,0,0,0,0,0,0,0,1,0,0,0,0
333,18.0,0,1,0,1,0,0,1,0,0,0,0,1,0,0,0,0,0,0,0
334,133.65,1,1,0,0,0,0,0,0,1,0,0,0,0,0,1,0,0,0,0
335,7.8958,0,0,0,1,0,0,1,0,0,0,0,0,0,0,1,0,0,0,0
336,66.6,0,1,0,0,0,0,1,0,0,0,0,0,0,1,0,0,0,0,0
337,134.5,1,0,0,0,1,0,0,1,0,0,0,0,0,0,0,1,0,0,0
338,8.05,1,0,0,1,0,0,1,0,0,0,0,0,0,0,0,1,0,0,0
339,35.5,0,0,0,0,0,0,1,0,0,0,0,0,0,0,0,1,0,0,0
340,26.0,1,1,1,0,0,0,0,0,0,1,0,0,0,0,0,0,0,0,0
341,263.0,1,1,0,0,0,0,0,1,0,0,0,0,0,1,0,0,0,0,0
342,13.0,0,0,1,0,0,0,1,0,0,0,0,0,0,1,0,0,0,0,0
343,13.0,0,0,1,0,0,0,1,0,0,0,0,0,0,1,0,0,0,0,0
344,13.0,0,0,1,0,0,0,1,0,0,0,0,0,0,0,1,0,0,0,0
345,13.0,1,0,1,0,0,0,0,1,0,0,0,0,0,1,0,0,0,0,0
346,13.0,1,0,1,0,0,0,0,1,0,0,0,0,0,0,1,0,0,0,0
347,16.1,1,1,0,1,0,0,0,0,1,0,0,0,0,0,1,0,0,0,0
348,15.9,1,1,0,1,0,0,0,0,0,1,0,0,0,0,0,0,0,0,0
349,8.6625,0,0,0,1,0,0,1,0,0,0,0,0,0,0,0,1,0,0,0
350,9.225,0,0,0,1,0,0,1,0,0,0,0,0,0,1,0,0,0,0,0
351,35.0,0,0,0,0,0,0,1,0,0,0,0,0,0,0,1,0,0,0,0
352,7.2292,0,1,0,1,1,0,1,0,0,0,0,1,0,0,0,0,0,0,0
353,17.8,0,1,0,1,0,0,1,0,0,0,0,0,0,1,0,0,0,0,0
354,7.225,0,0,0,1,1,0,1,0,0,0,0,0,0,0,1,0,0,0,0
355,9.5,0,0,0,1,0,0,1,0,0,0,0,0,0,1,0,0,0,0,0
356,55.0,1,1,0,0,0,0,0,1,0,0,0,0,0,1,0,0,0,0,0
357,13.0,0,0,1,0,0,0,0,1,0,0,0,0,0,0,1,0,0,0,0
358,7.8792,1,0,0,1,0,1,0,1,0,0,0,0,0,1,0,0,0,0,0
359,7.8792,1,0,0,1,0,1,0,1,0,0,0,0,0,1,0,0,0,0,0
360,27.9,0,1,0,1,0,0,1,0,0,0,0,0,0,0,1,0,0,0,0
361,27.7208,0,1,1,0,1,0,1,0,0,0,0,0,0,1,0,0,0,0,0
362,14.4542,0,1,0,1,1,0,0,0,1,0,0,0,0,0,0,1,0,0,0
363,7.05,0,0,0,1,0,0,1,0,0,0,0,0,0,0,1,0,0,0,0
364,15.5,0,1,0,1,0,1,1,0,0,0,0,0,0,0,1,0,0,0,0
365,7.25,0,0,0,1,0,0,1,0,0,0,0,0,0,1,0,0,0,0,0
366,75.25,1,1,0,0,1,0,0,0,1,0,0,0,0,0,0,0,1,0,0
367,7.2292,1,0,0,1,1,0,0,0,1,0,0,0,0,0,1,0,0,0,0
368,7.75,1,0,0,1,0,1,0,1,0,0,0,0,0,1,0,0,0,0,0
369,69.3,1,0,0,0,1,0,0,0,1,0,0,0,0,1,0,0,0,0,0
370,55.4417,1,1,0,0,1,0,1,0,0,0,0,0,0,1,0,0,0,0,0
371,6.4958,0,1,0,1,0,0,1,0,0,0,0,1,0,0,0,0,0,0,0
372,8.05,0,0,0,1,0,0,1,0,0,0,0,0,1,0,0,0,0,0,0
373,135.6333,0,0,0,0,1,0,1,0,0,0,0,0,0,1,0,0,0,0,0
374,21.075,0,1,0,1,0,0,0,1,0,0,0,0,0,0,0,0,0,0,0
375,82.1708,1,1,0,0,1,0,0,0,1,0,0,0,0,0,1,0,0,0,0
376,7.25,1,0,0,1,0,0,0,1,0,0,0,0,0,1,0,0,0,0,0
377,211.5,0,1,0,0,1,0,1,0,0,0,0,0,0,1,0,0,0,0,0
378,4.0125,0,0,0,1,1,0,1,0,0,0,0,0,1,0,0,0,0,0,0
379,7.775,0,0,0,1,0,0,1,0,0,0,0,0,1,0,0,0,0,0,0
380,227.525,1,0,0,0,1,0,0,1,0,0,0,0,0,0,0,1,0,0,0
381,15.7417,1,1,0,1,1,0,0,1,0,0,0,0,0,0,0,0,0,0,0
382,7.925,0,0,0,1,0,0,1,0,0,0,0,0,0,0,1,0,0,0,0
383,52.0,1,1,0,0,0,0,0,0,1,0,0,0,0,0,1,0,0,0,0
384,7.8958,0,0,0,1,0,0,1,0,0,0,0,0,0,0,1,0,0,0,0
385,73.5,0,0,1,0,0,0,1,0,0,0,0,1,0,0,0,0,0,0,0
386,46.9,0,1,0,1,0,0,0,0,0,1,0,0,0,0,0,0,0,0,0
387,13.0,1,0,1,0,0,0,0,1,0,0,0,0,0,0,1,0,0,0,0
388,7.7292,0,0,0,1,0,1,1,0,0,0,0,0,0,0,1,0,0,0,0
389,12.0,1,0,1,0,1,0,0,1,0,0,0,1,0,0,0,0,0,0,0
390,120.0,1,1,0,0,0,0,1,0,0,0,0,0,0,0,1,0,0,0,0
391,7.7958,1,0,0,1,0,0,1,0,0,0,0,0,1,0,0,0,0,0,0
392,7.925,0,1,0,1,0,0,1,0,0,0,0,0,0,1,0,0,0,0,0
393,113.275,1,1,0,0,1,0,0,1,0,0,0,0,0,1,0,0,0,0,0
394,16.7,1,1,0,1,0,0,0,0,1,0,0,0,0,1,0,0,0,0,0
395,7.7958,0,0,0,1,0,0,1,0,0,0,0,0,0,1,0,0,0,0,0
396,7.8542,0,0,0,1,0,0,0,1,0,0,0,0,0,0,1,0,0,0,0
397,26.0,0,0,1,0,0,0,1,0,0,0,0,0,0,0,0,1,0,0,0
398,10.5,0,0,1,0,0,0,0,0,0,0,0,0,0,1,0,0,0,0,0
399,12.65,1,0,1,0,0,0,0,0,1,0,0,0,0,1,0,0,0,0,0
400,7.925,1,0,0,1,0,0,1,0,0,0,0,0,0,0,1,0,0,0,0
401,8.05,0,0,0,1,0,0,1,0,0,0,0,0,0,1,0,0,0,0,0
402,9.825,0,1,0,1,0,0,0,1,0,0,0,0,1,0,0,0,0,0,0
403,15.85,0,1,0,1,0,0,1,0,0,0,0,0,0,1,0,0,0,0,0
404,8.6625,0,0,0,1,0,0,0,1,0,0,0,0,1,0,0,0,0,0,0
405,21.0,0,1,1,0,0,0,1,0,0,0,0,0,0,0,1,0,0,0,0
406,7.75,0,0,0,1,0,0,1,0,0,0,0,0,0,0,0,0,1,0,0
407,18.75,1,1,1,0,0,0,0,0,0,1,0,0,0,0,0,0,0,0,0
408,7.775,0,0,0,1,0,0,1,0,0,0,0,0,1,0,0,0,0,0,0
409,25.4667,0,1,0,1,0,0,0,1,0,0,0,0,0,1,0,0,0,0,0
410,7.8958,0,0,0,1,0,0,1,0,0,0,0,0,0,0,1,0,0,0,0
411,6.8583,0,0,0,1,0,1,1,0,0,0,0,0,0,0,1,0,0,0,0
412,90.0,1,1,0,0,0,1,0,1,0,0,0,0,0,0,1,0,0,0,0
413,0.0,0,0,1,0,0,0,1,0,0,0,0,0,0,0,1,0,0,0,0
414,7.925,1,0,0,1,0,0,1,0,0,0,0,0,0,0,0,1,0,0,0
415,8.05,0,0,0,1,0,0,0,0,1,0,0,0,0,0,1,0,0,0,0
416,32.5,1,1,1,0,0,0,0,0,1,0,0,0,0,0,1,0,0,0,0
417,13.0,1,1,1,0,0,0,0,1,0,0,0,1,0,0,0,0,0,0,0
418,13.0,0,0,1,0,0,0,1,0,0,0,0,0,0,1,0,0,0,0,0
419,24.15,0,1,0,1,0,0,0,1,0,0,1,0,0,0,0,0,0,0,0
420,7.8958,0,0,0,1,1,0,1,0,0,0,0,0,0,0,1,0,0,0,0
421,7.7333,0,0,0,1,0,1,1,0,0,0,0,0,1,0,0,0,0,0,0
422,7.875,0,0,0,1,0,0,1,0,0,0,0,0,0,1,0,0,0,0,0
423,14.4,0,1,0,1,0,0,0,0,1,0,0,0,0,1,0,0,0,0,0
424,20.2125,0,1,0,1,0,0,1,0,0,0,0,1,0,0,0,0,0,0,0
425,7.25,0,0,0,1,0,0,1,0,0,0,0,0,0,0,1,0,0,0,0
426,26.0,1,1,1,0,0,0,0,0,1,0,0,0,0,1,0,0,0,0,0
427,26.0,1,0,1,0,0,0,0,1,0,0,0,0,1,0,0,0,0,0,0
428,7.75,0,0,0,1,0,1,1,0,0,0,0,0,0,0,1,0,0,0,0
429,8.05,1,0,0,1,0,0,1,0,0,0,0,0,0,0,1,0,0,0,0
430,26.55,1,0,0,0,0,0,1,0,0,0,0,0,0,1,0,0,0,0,0
431,16.1,1,1,0,1,0,0,0,0,1,0,0,0,0,0,1,0,0,0,0
432,26.0,1,1,1,0,0,0,0,0,1,0,0,0,0,0,0,1,0,0,0
433,7.125,0,0,0,1,0,0,1,0,0,0,0,1,0,0,0,0,0,0,0
434,55.9,0,1,0,0,0,0,1,0,0,0,0,0,0,0,0,1,0,0,0
435,120.0,1,1,0,0,0,0,0,1,0,0,0,1,0,0,0,0,0,0,0
436,34.375,0,1,0,1,0,0,0,1,0,0,0,0,1,0,0,0,0,0,0
437,18.75,1,1,1,0,0,0,0,0,1,0,0,0,0,1,0,0,0,0,0
438,263.0,0,1,0,0,0,0,1,0,0,0,0,0,0,0,0,0,0,1,0
439,10.5,0,0,1,0,0,0,1,0,0,0,0,0,0,0,1,0,0,0,0
440,26.25,1,1,1,0,0,0,0,0,1,0,0,0,0,0,0,1,0,0,0
441,9.5,0,0,0,1,0,0,1,0,0,0,0,0,1,0,0,0,0,0,0
442,7.775,0,1,0,1,0,0,1,0,0,0,0,0,0,1,0,0,0,0,0
443,13.0,1,0,1,0,0,0,0,1,0,0,0,0,0,1,0,0,0,0,0
444,8.1125,1,0,0,1,0,0,1,0,0,0,0,0,0,0,1,0,0,0,0
445,81.8583,1,1,0,0,0,0,0,0,0,1,0,0,0,0,0,0,0,0,0
446,19.5,1,1,1,0,0,0,0,1,0,0,0,1,0,0,0,0,0,0,0
447,26.55,1,0,0,0,0,0,1,0,0,0,0,0,0,0,1,0,0,0,0
448,19.2583,1,1,0,1,1,0,0,1,0,0,0,0,0,0,0,0,0,0,0
449,30.5,1,0,0,0,0,0,0,0,0,0,0,0,0,0,0,0,1,0,0
450,27.75,0,1,1,0,0,0,1,0,0,0,0,0,0,0,1,0,0,0,0
451,19.9667,0,1,0,1,0,0,1,0,0,0,0,0,0,0,1,0,0,0,0
452,27.75,0,0,0,0,1,0,1,0,0,0,0,0,0,1,0,0,0,0,0
453,89.1042,1,1,0,0,1,0,1,0,0,0,0,0,0,0,0,1,0,0,0
454,8.05,0,0,0,1,0,0,1,0,0,0,0,0,0,0,1,0,0,0,0
455,7.8958,1,0,0,1,1,0,1,0,0,0,0,0,0,1,0,0,0,0,0
456,26.55,0,0,0,0,0,0,1,0,0,0,0,0,0,0,0,0,0,1,0
457,51.8625,1,1,0,0,0,0,0,0,1,0,0,0,0,0,1,0,0,0,0
458,10.5,1,0,1,0,0,0,0,1,0,0,0,0,0,0,0,1,0,0,0
459,7.75,0,0,0,1,0,1,1,0,0,0,0,0,0,0,1,0,0,0,0
460,26.55,1,0,0,0,0,0,1,0,0,0,0,0,0,0,0,1,0,0,0
461,8.05,0,0,0,1,0,0,1,0,0,0,0,0,0,0,1,0,0,0,0
462,38.5,0,0,0,0,0,0,1,0,0,0,0,0,0,0,0,1,0,0,0
463,13.0,0,0,1,0,0,0,1,0,0,0,0,0,0,0,0,1,0,0,0
464,8.05,0,0,0,1,0,0,1,0,0,0,0,0,0,0,1,0,0,0,0
465,7.05,0,0,0,1,0,0,1,0,0,0,0,0,0,0,1,0,0,0,0
466,0.0,0,0,1,0,0,0,1,0,0,0,0,0,0,0,1,0,0,0,0
467,26.55,0,0,0,0,0,0,1,0,0,0,0,0,0,0,0,0,1,0,0
468,7.725,0,0,0,1,0,1,1,0,0,0,0,0,0,0,1,0,0,0,0
469,19.2583,1,1,0,1,1,0,0,1,0,0,0,0,0,0,0,0,0,0,0
470,7.25,0,0,0,1,0,0,1,0,0,0,0,0,0,0,1,0,0,0,0
471,8.6625,0,0,0,1,0,0,1,0,0,0,0,0,0,0,1,0,0,0,0
472,27.75,1,1,1,0,0,0,0,0,1,0,0,0,0,0,1,0,0,0,0
473,13.7917,1,0,1,0,1,0,0,0,1,0,0,0,0,1,0,0,0,0,0
474,9.8375,0,0,0,1,0,0,0,1,0,0,0,0,0,1,0,0,0,0,0
475,52.0,0,0,0,0,0,0,1,0,0,0,0,0,0,0,1,0,0,0,0
476,21.0,0,1,1,0,0,0,1,0,0,0,0,0,0,0,1,0,0,0,0
477,7.0458,0,1,0,1,0,0,1,0,0,0,0,0,0,1,0,0,0,0,0
478,7.5208,0,0,0,1,0,0,1,0,0,0,0,0,0,1,0,0,0,0,0
479,12.2875,1,1,0,1,0,0,0,1,0,0,0,0,0,0,0,0,0,0,0
480,46.9,0,1,0,1,0,0,0,0,0,1,1,0,0,0,0,0,0,0,0
481,0.0,0,0,1,0,0,0,1,0,0,0,0,0,0,0,1,0,0,0,0
482,8.05,0,0,0,1,0,0,1,0,0,0,0,0,0,0,0,1,0,0,0
483,9.5875,1,0,0,1,0,0,0,0,1,0,0,0,0,0,0,0,0,1,0
484,91.0792,1,1,0,0,1,0,1,0,0,0,0,0,0,1,0,0,0,0,0
485,25.4667,0,1,0,1,0,0,0,1,0,0,0,0,0,1,0,0,0,0,0
486,90.0,1,1,0,0,0,0,0,0,1,0,0,0,0,0,1,0,0,0,0
487,29.7,0,0,0,0,1,0,1,0,0,0,0,0,0,0,0,0,1,0,0
488,8.05,0,0,0,1,0,0,1,0,0,0,0,0,0,1,0,0,0,0,0
489,15.9,1,1,0,1,0,0,0,0,0,1,1,0,0,0,0,0,0,0,0
490,19.9667,0,1,0,1,0,0,1,0,0,0,0,0,0,0,1,0,0,0,0
491,7.25,0,0,0,1,0,0,1,0,0,0,0,0,1,0,0,0,0,0,0
492,30.5,0,0,0,0,0,0,1,0,0,0,0,0,0,0,0,0,1,0,0
493,49.5042,0,0,0,0,1,0,1,0,0,0,0,0,0,0,0,0,0,0,1
494,8.05,0,0,0,1,0,0,1,0,0,0,0,0,1,0,0,0,0,0,0
495,14.4583,0,0,0,1,1,0,1,0,0,0,0,0,0,0,1,0,0,0,0
496,78.2667,1,1,0,0,1,0,0,1,0,0,0,0,0,0,0,0,1,0,0
497,15.1,0,0,0,1,0,0,1,0,0,0,0,0,0,0,1,0,0,0,0
498,151.55,0,1,0,0,0,0,0,0,1,0,0,0,0,1,0,0,0,0,0
499,7.7958,0,0,0,1,0,0,1,0,0,0,0,0,0,1,0,0,0,0,0
500,8.6625,0,0,0,1,0,0,1,0,0,0,0,1,0,0,0,0,0,0,0
501,7.75,0,0,0,1,0,1,0,1,0,0,0,0,1,0,0,0,0,0,0
502,7.6292,0,0,0,1,0,1,0,1,0,0,0,0,0,1,0,0,0,0,0
503,9.5875,0,0,0,1,0,0,0,1,0,0,0,0,0,0,1,0,0,0,0
504,86.5,1,0,0,0,0,0,0,1,0,0,0,1,0,0,0,0,0,0,0
505,108.9,0,1,0,0,1,0,1,0,0,0,0,1,0,0,0,0,0,0,0
506,26.0,1,1,1,0,0,0,0,0,1,0,0,0,0,0,1,0,0,0,0
507,26.55,1,0,0,0,0,0,1,0,0,0,0,0,0,0,1,0,0,0,0
508,22.525,0,0,0,1,0,0,1,0,0,0,0,0,0,1,0,0,0,0,0
509,56.4958,1,0,0,1,0,0,1,0,0,0,0,0,0,1,0,0,0,0,0
510,7.75,1,0,0,1,0,1,1,0,0,0,0,0,0,1,0,0,0,0,0
511,8.05,0,0,0,1,0,0,1,0,0,0,0,0,0,0,1,0,0,0,0
512,26.2875,1,0,0,0,0,0,1,0,0,0,0,0,0,0,1,0,0,0,0
513,59.4,1,1,0,0,1,0,0,0,1,0,0,0,0,0,0,0,1,0,0
514,7.4958,0,0,0,1,0,0,1,0,0,0,0,0,0,1,0,0,0,0,0
515,34.0208,0,0,0,0,0,0,1,0,0,0,0,0,0,0,0,1,0,0,0
516,10.5,1,0,1,0,0,0,0,0,1,0,0,0,0,0,1,0,0,0,0
517,24.15,0,0,0,1,0,1,1,0,0,0,0,0,0,0,1,0,0,0,0
518,26.0,1,1,1,0,0,0,0,0,1,0,0,0,0,0,1,0,0,0,0
519,7.8958,0,0,0,1,0,0,1,0,0,0,0,0,0,0,1,0,0,0,0
520,93.5,1,0,0,0,0,0,0,1,0,0,0,0,0,1,0,0,0,0,0
521,7.8958,0,0,0,1,0,0,1,0,0,0,0,0,0,1,0,0,0,0,0
522,7.225,0,0,0,1,1,0,1,0,0,0,0,0,0,0,1,0,0,0,0
523,57.9792,1,1,0,0,1,0,0,0,1,0,0,0,0,0,0,1,0,0,0
524,7.2292,0,0,0,1,1,0,1,0,0,0,0,0,0,0,1,0,0,0,0
525,7.75,0,0,0,1,0,1,1,0,0,0,0,0,0,0,0,1,0,0,0
526,10.5,1,0,1,0,0,0,0,1,0,0,0,0,0,0,0,1,0,0,0
527,221.7792,0,0,0,0,0,0,1,0,0,0,0,0,0,0,1,0,0,0,0
528,7.925,0,0,0,1,0,0,1,0,0,0,0,0,0,0,1,0,0,0,0
529,11.5,0,1,1,0,0,0,1,0,0,0,0,0,0,1,0,0,0,0,0
530,26.0,1,1,1,0,0,0,0,1,0,0,0,0,0,0,0,0,0,0,0
531,7.2292,0,0,0,1,1,0,1,0,0,0,0,0,0,0,1,0,0,0,0
532,7.2292,0,1,0,1,1,0,1,0,0,0,0,1,0,0,0,0,0,0,0
533,22.3583,1,1,0,1,1,0,0,0,1,0,0,0,0,0,1,0,0,0,0
534,8.6625,0,0,0,1,0,0,0,1,0,0,0,0,0,1,0,0,0,0,0
535,26.25,1,1,1,0,0,0,0,1,0,0,1,0,0,0,0,0,0,0,0
536,26.55,0,0,0,0,0,0,0,0,0,0,0,0,0,0,0,1,0,0,0
537,106.425,1,0,0,0,1,0,0,1,0,0,0,0,0,1,0,0,0,0,0
538,14.5,0,0,0,1,0,0,1,0,0,0,0,0,0,0,1,0,0,0,0
539,49.5,1,1,0,0,1,0,0,1,0,0,0,0,0,1,0,0,0,0,0
540,71.0,1,1,0,0,0,0,0,1,0,0,0,0,0,0,1,0,0,0,0
541,31.275,0,1,0,1,0,0,0,1,0,0,1,0,0,0,0,0,0,0,0
542,31.275,0,1,0,1,0,0,0,1,0,0,1,0,0,0,0,0,0,0,0
543,26.0,1,1,1,0,0,0,1,0,0,0,0,0,0,0,1,0,0,0,0
544,106.425,0,1,0,0,1,0,1,0,0,0,0,0,0,0,0,1,0,0,0
545,26.0,0,0,0,0,0,0,1,0,0,0,0,0,0,0,0,0,0,1,0
546,26.0,1,1,1,0,0,0,0,0,1,0,0,0,1,0,0,0,0,0,0
547,13.8625,1,0,1,0,1,0,1,0,0,0,0,0,0,0,1,0,0,0,0
548,20.525,0,1,0,1,0,0,1,0,0,0,0,0,0,0,1,0,0,0,0
549,36.75,1,1,1,0,0,0,0,0,0,1,1,0,0,0,0,0,0,0,0
550,110.8833,1,1,0,0,1,0,1,0,0,0,0,1,0,0,0,0,0,0,0
551,26.0,0,0,1,0,0,0,1,0,0,0,0,0,0,1,0,0,0,0,0
552,7.8292,0,0,0,1,0,1,1,0,0,0,0,0,0,0,1,0,0,0,0
553,7.225,1,0,0,1,1,0,1,0,0,0,0,0,0,1,0,0,0,0,0
554,7.775,1,0,0,1,0,0,0,1,0,0,0,0,0,1,0,0,0,0,0
555,26.55,0,0,0,0,0,0,1,0,0,0,0,0,0,0,0,0,0,1,0
556,39.6,1,1,0,0,1,0,0,0,0,0,0,0,0,0,0,1,0,0,0
557,227.525,0,0,0,0,1,0,1,0,0,0,0,0,0,0,1,0,0,0,0
558,79.65,1,1,0,0,0,0,0,0,1,0,0,0,0,0,1,0,0,0,0
559,17.4,1,1,0,1,0,0,0,0,1,0,0,0,0,0,1,0,0,0,0
560,7.75,0,0,0,1,0,1,1,0,0,0,0,0,0,0,1,0,0,0,0
561,7.8958,0,0,0,1,0,0,1,0,0,0,0,0,0,0,1,0,0,0,0
562,13.5,0,0,1,0,0,0,1,0,0,0,0,0,0,1,0,0,0,0,0
563,8.05,0,0,0,1,0,0,1,0,0,0,0,0,0,0,1,0,0,0,0
564,8.05,0,0,0,1,0,0,0,1,0,0,0,0,0,1,0,0,0,0,0
565,24.15,0,1,0,1,0,0,1,0,0,0,0,0,0,1,0,0,0,0,0
566,7.8958,0,0,0,1,0,0,1,0,0,0,0,0,1,0,0,0,0,0,0
567,21.075,0,1,0,1,0,0,0,0,1,0,0,0,0,1,0,0,0,0,0
568,7.2292,0,0,0,1,1,0,1,0,0,0,0,0,0,0,1,0,0,0,0
569,7.8542,1,0,0,1,0,0,1,0,0,0,0,0,0,0,1,0,0,0,0
570,10.5,1,0,1,0,0,0,1,0,0,0,0,0,0,0,0,0,0,1,0
571,51.4792,1,1,0,0,0,0,0,0,1,0,0,0,0,0,0,0,1,0,0
572,26.3875,1,0,0,0,0,0,1,0,0,0,0,0,0,0,1,0,0,0,0
573,7.75,1,0,0,1,0,1,0,1,0,0,0,0,0,1,0,0,0,0,0
574,8.05,0,0,0,1,0,0,1,0,0,0,0,1,0,0,0,0,0,0,0
575,14.5,0,0,0,1,0,0,1,0,0,0,0,0,1,0,0,0,0,0,0
576,13.0,1,0,1,0,0,0,0,1,0,0,0,0,0,0,1,0,0,0,0
577,55.9,1,1,0,0,0,0,0,0,1,0,0,0,0,0,1,0,0,0,0
578,14.4583,0,1,0,1,1,0,0,0,1,0,0,0,0,0,1,0,0,0,0
579,7.925,1,0,0,1,0,0,1,0,0,0,0,0,0,0,1,0,0,0,0
580,30.0,1,1,1,0,0,0,0,1,0,0,0,0,0,1,0,0,0,0,0
581,110.8833,1,1,0,0,1,0,0,0,1,0,0,0,0,0,1,0,0,0,0
582,26.0,0,0,1,0,0,0,1,0,0,0,0,0,0,0,0,0,1,0,0
583,40.125,0,0,0,0,1,0,1,0,0,0,0,0,0,0,1,0,0,0,0
584,8.7125,0,0,0,1,1,0,1,0,0,0,0,0,0,0,1,0,0,0,0
585,79.65,1,1,0,0,0,0,0,1,0,0,0,1,0,0,0,0,0,0,0
586,15.0,0,0,1,0,0,0,1,0,0,0,0,0,0,0,0,1,0,0,0
587,79.2,1,1,0,0,1,0,1,0,0,0,0,0,0,0,0,0,1,0,0
588,8.05,0,0,0,1,0,0,1,0,0,0,0,0,0,1,0,0,0,0,0
589,8.05,0,0,0,1,0,0,1,0,0,0,0,0,0,0,1,0,0,0,0
590,7.125,0,0,0,1,0,0,1,0,0,0,0,0,0,0,1,0,0,0,0
591,78.2667,1,1,0,0,1,0,0,0,1,0,0,0,0,0,0,0,1,0,0
592,7.25,0,0,0,1,0,0,1,0,0,0,0,0,0,0,0,1,0,0,0
593,7.75,0,1,0,1,0,1,0,1,0,0,0,0,0,1,0,0,0,0,0
594,26.0,0,1,1,0,0,0,1,0,0,0,0,0,0,0,1,0,0,0,0
595,24.15,0,1,0,1,0,0,1,0,0,0,0,0,0,0,1,0,0,0,0
596,33.0,1,0,1,0,0,0,0,1,0,0,0,0,0,1,0,0,0,0,0
597,0.0,0,0,0,1,0,0,1,0,0,0,0,0,0,0,0,1,0,0,0
598,7.225,0,0,0,1,1,0,1,0,0,0,0,0,0,0,1,0,0,0,0
599,56.9292,1,1,0,0,1,0,0,0,0,0,0,0,0,0,0,1,0,0,0
600,27.0,1,1,1,0,0,0,0,0,1,0,0,0,0,1,0,0,0,0,0
601,7.8958,0,0,0,1,0,0,1,0,0,0,0,0,0,0,1,0,0,0,0
602,42.4,0,0,0,0,0,0,1,0,0,0,0,0,0,0,1,0,0,0,0
603,8.05,0,0,0,1,0,0,1,0,0,0,0,0,0,0,0,1,0,0,0
604,26.55,1,0,0,0,1,0,1,0,0,0,0,0,0,0,1,0,0,0,0
605,15.55,0,1,0,1,0,0,1,0,0,0,0,0,0,0,1,0,0,0,0
606,7.8958,0,0,0,1,0,0,1,0,0,0,0,0,0,1,0,0,0,0,0
607,30.5,1,0,0,0,0,0,1,0,0,0,0,0,0,1,0,0,0,0,0
608,41.5792,1,1,1,0,1,0,0,0,1,0,0,0,0,1,0,0,0,0,0
609,153.4625,1,0,0,0,0,0,0,1,0,0,0,0,0,0,1,0,0,0,0
610,31.275,0,1,0,1,0,0,0,0,1,0,0,0,0,0,1,0,0,0,0
611,7.05,0,0,0,1,0,0,1,0,0,0,0,0,0,0,1,0,0,0,0
612,15.5,1,1,0,1,0,1,0,1,0,0,0,0,0,1,0,0,0,0,0
613,7.75,0,0,0,1,0,1,1,0,0,0,0,0,0,0,1,0,0,0,0
614,8.05,0,0,0,1,0,0,1,0,0,0,0,0,0,0,1,0,0,0,0
615,65.0,1,1,1,0,0,0,0,1,0,0,0,0,0,1,0,0,0,0,0
616,14.4,0,1,0,1,0,0,1,0,0,0,0,0,0,0,1,0,0,0,0
617,16.1,0,1,0,1,0,0,0,0,1,0,0,0,0,1,0,0,0,0,0
618,39.0,1,1,1,0,0,0,0,1,0,0,0,0,0,0,0,0,0,0,0
619,10.5,0,0,1,0,0,0,1,0,0,0,0,0,0,1,0,0,0,0,0
620,14.4542,0,1,0,1,1,0,1,0,0,0,0,0,0,1,0,0,0,0,0
621,52.5542,1,1,0,0,0,0,1,0,0,0,0,0,0,0,0,1,0,0,0
622,15.7417,1,1,0,1,1,0,1,0,0,0,0,0,1,0,0,0,0,0,0
623,7.8542,0,0,0,1,0,0,1,0,0,0,0,0,1,0,0,0,0,0,0
624,16.1,0,0,0,1,0,0,1,0,0,0,0,0,1,0,0,0,0,0,0
625,32.3208,0,0,0,0,0,0,1,0,0,0,0,0,0,0,0,0,0,1,0
626,12.35,0,0,1,0,0,1,0,0,0,0,0,0,0,0,0,0,1,0,0
627,77.9583,1,0,0,0,0,0,0,1,0,0,0,0,1,0,0,0,0,0,0
628,7.8958,0,0,0,1,0,0,1,0,0,0,0,0,0,1,0,0,0,0,0
629,7.7333,0,0,0,1,0,1,1,0,0,0,0,0,0,0,1,0,0,0,0
630,30.0,1,0,0,0,0,0,1,0,0,0,0,0,0,0,0,0,0,0,1
631,7.0542,0,0,0,1,0,0,1,0,0,0,0,0,0,0,0,0,1,0,0
632,30.5,1,0,0,0,1,0,0,0,0,0,0,0,0,0,1,0,0,0,0
633,0.0,0,0,0,0,0,0,1,0,0,0,0,0,0,0,1,0,0,0,0
634,27.9,0,1,0,1,0,0,0,1,0,0,1,0,0,0,0,0,0,0,0
635,13.0,1,0,1,0,0,0,0,1,0,0,0,0,0,1,0,0,0,0,0
636,7.925,0,0,0,1,0,0,1,0,0,0,0,0,0,0,1,0,0,0,0
637,26.25,0,1,1,0,0,0,1,0,0,0,0,0,0,0,1,0,0,0,0
638,39.6875,0,1,0,1,0,0,0,0,1,0,0,0,0,0,0,1,0,0,0
639,16.1,0,1,0,1,0,0,1,0,0,0,0,0,0,0,1,0,0,0,0
640,7.8542,0,0,0,1,0,0,1,0,0,0,0,0,1,0,0,0,0,0,0
641,69.3,1,0,0,0,1,0,0,1,0,0,0,0,0,1,0,0,0,0,0
642,27.9,0,1,0,1,0,0,0,1,0,0,0,0,0,0,0,0,0,0,0
643,56.4958,1,0,0,1,0,0,1,0,0,0,0,0,0,0,1,0,0,0,0
644,19.2583,1,1,0,1,1,0,0,1,0,0,0,0,0,0,0,0,0,0,0
645,76.7292,1,1,0,0,1,0,1,0,0,0,0,0,0,0,0,1,0,0,0
646,7.8958,0,0,0,1,0,0,1,0,0,0,0,0,1,0,0,0,0,0,0
647,35.5,1,0,0,0,1,0,0,0,0,0,0,0,0,0,0,0,1,0,0
648,7.55,0,0,0,1,0,0,1,0,0,0,0,0,0,0,1,0,0,0,0
649,7.55,1,0,0,1,0,0,0,1,0,0,0,0,0,1,0,0,0,0,0
650,7.8958,0,0,0,1,0,0,1,0,0,0,0,0,0,0,1,0,0,0,0
651,23.0,1,1,1,0,0,0,0,1,0,0,0,1,0,0,0,0,0,0,0
652,8.4333,0,0,0,1,0,0,1,0,0,0,0,0,1,0,0,0,0,0,0
653,7.8292,1,0,0,1,0,1,0,1,0,0,0,0,0,1,0,0,0,0,0
654,6.75,0,0,0,1,0,1,0,1,0,0,0,1,0,0,0,0,0,0,0
655,73.5,0,1,1,0,0,0,1,0,0,0,0,0,0,1,0,0,0,0,0
656,7.8958,0,0,0,1,0,0,1,0,0,0,0,0,0,0,1,0,0,0,0
657,15.5,0,1,0,1,0,1,0,0,1,0,0,0,0,0,1,0,0,0,0
658,13.0,0,0,1,0,0,0,1,0,0,0,0,0,0,1,0,0,0,0,0
659,113.275,0,1,0,0,1,0,1,0,0,0,0,0,0,0,0,0,1,0,0
660,133.65,1,1,0,0,0,0,0,0,0,0,0,0,0,0,0,1,0,0,0
661,7.225,0,0,0,1,1,0,1,0,0,0,0,0,0,0,1,0,0,0,0
662,25.5875,0,0,0,0,0,0,1,0,0,0,0,0,0,0,0,1,0,0,0
663,7.4958,0,0,0,1,0,0,1,0,0,0,0,0,0,0,1,0,0,0,0
664,7.925,1,1,0,1,0,0,1,0,0,0,0,0,1,0,0,0,0,0,0
665,73.5,0,1,1,0,0,0,1,0,0,0,0,0,0,0,1,0,0,0,0
666,13.0,0,0,1,0,0,0,1,0,0,0,0,0,0,1,0,0,0,0,0
667,7.775,0,0,0,1,0,0,1,0,0,0,0,0,0,0,1,0,0,0,0
668,8.05,0,0,0,1,0,0,1,0,0,0,0,0,0,0,0,1,0,0,0
669,52.0,1,1,0,0,0,0,0,0,1,0,0,0,0,0,1,0,0,0,0
670,39.0,1,1,1,0,0,0,0,0,1,0,0,0,0,0,1,0,0,0,0
671,52.0,0,1,0,0,0,0,1,0,0,0,0,0,0,0,1,0,0,0,0
672,10.5,0,0,1,0,0,0,1,0,0,0,0,0,0,0,0,0,0,1,0
673,13.0,1,0,1,0,0,0,1,0,0,0,0,0,0,0,1,0,0,0,0
674,0.0,0,0,1,0,0,0,1,0,0,0,0,0,0,0,1,0,0,0,0
675,7.775,0,0,0,1,0,0,1,0,0,0,0,1,0,0,0,0,0,0,0
676,8.05,0,0,0,1,0,0,1,0,0,0,0,0,0,1,0,0,0,0,0
677,9.8417,1,0,0,1,0,0,0,1,0,0,0,1,0,0,0,0,0,0,0
678,46.9,0,1,0,1,0,0,0,0,1,0,0,0,0,0,0,1,0,0,0
679,512.3292,1,1,0,0,1,0,1,0,0,0,0,0,0,0,1,0,0,0,0
680,8.1375,0,0,0,1,0,1,0,1,0,0,0,0,0,1,0,0,0,0,0
681,76.7292,1,0,0,0,1,0,1,0,0,0,0,0,0,1,0,0,0,0,0
682,9.225,0,0,0,1,0,0,1,0,0,0,0,0,1,0,0,0,0,0,0
683,46.9,0,1,0,1,0,0,1,0,0,0,0,1,0,0,0,0,0,0,0
684,39.0,0,1,1,0,0,0,1,0,0,0,0,0,0,0,0,0,1,0,0
685,41.5792,0,1,1,0,1,0,1,0,0,0,0,0,0,1,0,0,0,0,0
686,39.6875,0,1,0,1,0,0,1,0,0,0,0,1,0,0,0,0,0,0,0
687,10.1708,0,0,0,1,0,0,1,0,0,0,0,0,1,0,0,0,0,0,0
688,7.7958,0,0,0,1,0,0,1,0,0,0,0,1,0,0,0,0,0,0,0
689,211.3375,1,1,0,0,0,0,0,1,0,0,0,1,0,0,0,0,0,0,0
690,57.0,1,1,0,0,0,0,1,0,0,0,0,0,0,0,1,0,0,0,0
691,13.4167,1,1,0,1,1,0,0,1,0,0,0,0,0,0,0,0,0,0,0
692,56.4958,1,0,0,1,0,0,1,0,0,0,0,0,0,0,1,0,0,0,0
693,7.225,0,0,0,1,1,0,1,0,0,0,0,0,0,1,0,0,0,0,0
694,26.55,0,0,0,0,0,0,0,0,0,0,0,0,0,0,0,0,1,0,0
695,13.5,0,0,1,0,0,0,1,0,0,0,0,0,0,0,0,0,1,0,0
696,8.05,0,0,0,1,0,0,1,0,0,0,0,0,0,0,0,1,0,0,0
697,7.7333,1,0,0,1,0,1,0,1,0,0,0,0,0,1,0,0,0,0,0
698,110.8833,0,1,0,0,1,0,1,0,0,0,0,0,0,0,0,1,0,0,0
699,7.65,0,0,0,1,0,0,1,0,0,0,0,0,0,0,0,1,0,0,0
700,227.525,1,1,0,0,1,0,0,0,1,0,0,1,0,0,0,0,0,0,0
701,26.2875,1,0,0,0,0,0,1,0,0,0,0,0,0,0,1,0,0,0,0
702,14.4542,0,1,0,1,1,0,0,1,0,0,0,1,0,0,0,0,0,0,0
703,7.7417,0,0,0,1,0,1,1,0,0,0,0,0,0,1,0,0,0,0,0
704,7.8542,0,1,0,1,0,0,1,0,0,0,0,0,0,1,0,0,0,0,0
705,26.0,0,0,1,0,0,0,1,0,0,0,0,0,0,0,1,0,0,0,0
706,13.5,1,0,1,0,0,0,0,0,1,0,0,0,0,0,0,1,0,0,0
707,26.2875,1,0,0,0,0,0,1,0,0,0,0,0,0,0,0,1,0,0,0
708,151.55,1,0,0,0,0,0,0,1,0,0,0,0,0,1,0,0,0,0,0
709,15.2458,1,1,0,1,1,0,0,0,0,1,0,0,0,0,0,0,0,0,0
710,49.5042,1,0,0,0,1,0,0,1,0,0,0,0,0,1,0,0,0,0,0
711,26.55,0,0,0,0,0,0,1,0,0,0,0,0,0,0,1,0,0,0,0
712,52.0,1,1,0,0,0,0,1,0,0,0,0,0,0,0,0,1,0,0,0
713,9.4833,0,0,0,1,0,0,1,0,0,0,0,0,0,1,0,0,0,0,0
714,13.0,0,0,1,0,0,0,1,0,0,0,0,0,0,0,0,0,1,0,0
715,7.65,0,0,0,1,0,0,1,0,0,0,0,0,1,0,0,0,0,0,0
716,227.525,1,0,0,0,1,0,0,1,0,0,0,0,0,0,1,0,0,0,0
717,10.5,1,0,1,0,0,0,0,1,0,0,0,0,0,1,0,0,0,0,0
718,15.5,0,0,0,1,0,1,1,0,0,0,0,0,0,0,1,0,0,0,0
719,7.775,0,0,0,1,0,0,1,0,0,0,0,0,0,0,1,0,0,0,0
720,33.0,1,1,1,0,0,0,0,1,0,0,1,0,0,0,0,0,0,0,0
721,7.0542,0,1,0,1,0,0,1,0,0,0,0,1,0,0,0,0,0,0,0
722,13.0,0,0,1,0,0,0,1,0,0,0,0,0,0,0,1,0,0,0,0
723,13.0,0,0,1,0,0,0,1,0,0,0,0,0,0,0,0,1,0,0,0
724,53.1,1,1,0,0,0,0,1,0,0,0,0,0,0,1,0,0,0,0,0
725,8.6625,0,0,0,1,0,0,1,0,0,0,0,0,1,0,0,0,0,0,0
726,21.0,1,1,1,0,0,0,0,0,1,0,0,0,0,1,0,0,0,0,0
727,7.7375,1,0,0,1,0,1,0,1,0,0,0,0,0,1,0,0,0,0,0
728,26.0,0,1,1,0,0,0,1,0,0,0,0,0,0,1,0,0,0,0,0
729,7.925,0,1,0,1,0,0,0,1,0,0,0,0,0,1,0,0,0,0,0
730,211.3375,1,0,0,0,0,0,0,1,0,0,0,0,0,1,0,0,0,0,0
731,18.7875,0,0,0,1,1,0,1,0,0,0,1,0,0,0,0,0,0,0,0
732,0.0,0,0,1,0,0,0,1,0,0,0,0,0,0,0,1,0,0,0,0
733,13.0,0,0,1,0,0,0,1,0,0,0,0,0,0,1,0,0,0,0,0
734,13.0,0,0,1,0,0,0,1,0,0,0,0,0,0,1,0,0,0,0,0
735,16.1,0,0,0,1,0,0,1,0,0,0,0,0,0,1,0,0,0,0,0
736,34.375,0,1,0,1,0,0,0,0,1,0,0,0,0,0,0,1,0,0,0
737,512.3292,1,0,0,0,1,0,1,0,0,0,0,0,0,0,1,0,0,0,0
738,7.8958,0,0,0,1,0,0,1,0,0,0,0,0,0,0,1,0,0,0,0
739,7.8958,0,0,0,1,0,0,1,0,0,0,0,0,0,0,1,0,0,0,0
740,30.0,1,0,0,0,0,0,1,0,0,0,0,0,0,0,1,0,0,0,0
741,78.85,0,1,0,0,0,0,1,0,0,0,0,0,0,0,1,0,0,0,0
742,262.375,1,1,0,0,1,0,0,1,0,0,0,0,1,0,0,0,0,0,0
743,16.1,0,1,0,1,0,0,1,0,0,0,0,0,0,1,0,0,0,0,0
744,7.925,1,0,0,1,0,0,1,0,0,0,0,0,0,0,1,0,0,0,0
745,71.0,0,1,0,0,0,0,0,0,0,0,0,0,0,0,0,0,0,1,0
746,20.25,0,1,0,1,0,0,1,0,0,0,0,1,0,0,0,0,0,0,0
747,13.0,1,0,1,0,0,0,0,1,0,0,0,0,0,1,0,0,0,0,0
748,53.1,0,1,0,0,0,0,1,0,0,0,0,0,1,0,0,0,0,0,0
749,7.75,0,0,0,1,0,1,1,0,0,0,0,0,0,0,1,0,0,0,0
750,23.0,1,1,1,0,0,0,0,1,0,0,0,0,0,0,0,0,0,0,0
751,12.475,1,1,0,1,0,0,0,0,0,1,1,0,0,0,0,0,0,0,0
752,9.5,0,0,0,1,0,0,1,0,0,0,0,0,0,0,1,0,0,0,0
753,7.8958,0,0,0,1,0,0,1,0,0,0,0,0,0,1,0,0,0,0,0
754,65.0,1,1,1,0,0,0,0,0,1,0,0,0,0,0,0,1,0,0,0
755,14.5,1,1,1,0,0,0,0,0,0,1,0,0,0,0,0,0,0,0,0
756,7.7958,0,0,0,1,0,0,1,0,0,0,0,0,0,1,0,0,0,0,0
757,11.5,0,0,1,0,0,0,1,0,0,0,0,1,0,0,0,0,0,0,0
758,8.05,0,0,0,1,0,0,1,0,0,0,0,0,0,0,1,0,0,0,0
759,86.5,1,0,0,0,0,0,0,0,0,0,0,0,0,0,1,0,0,0,0
760,14.5,0,0,0,1,0,0,1,0,0,0,0,0,0,0,1,0,0,0,0
761,7.125,0,0,0,1,0,0,1,0,0,0,0,0,0,0,0,1,0,0,0
762,7.2292,1,0,0,1,1,0,1,0,0,0,0,0,1,0,0,0,0,0,0
763,120.0,1,1,0,0,0,0,0,0,1,0,0,0,0,0,1,0,0,0,0
764,7.775,0,0,0,1,0,0,1,0,0,0,0,1,0,0,0,0,0,0,0
765,77.9583,1,1,0,0,0,0,0,0,1,0,0,0,0,0,0,0,1,0,0
766,39.6,0,0,0,0,1,0,0,0,0,0,0,0,0,0,0,1,0,0,0
767,7.75,0,0,0,1,0,1,0,1,0,0,0,0,0,0,1,0,0,0,0
768,24.15,0,1,0,1,0,1,1,0,0,0,0,0,0,0,1,0,0,0,0
769,8.3625,0,0,0,1,0,0,1,0,0,0,0,0,0,0,1,0,0,0,0
770,9.5,0,0,0,1,0,0,1,0,0,0,0,0,0,1,0,0,0,0,0
771,7.8542,0,0,0,1,0,0,1,0,0,0,0,0,0,0,0,1,0,0,0
772,10.5,0,0,1,0,0,0,0,0,1,0,0,0,0,0,0,0,1,0,0
773,7.225,0,0,0,1,1,0,1,0,0,0,0,0,0,0,1,0,0,0,0
774,23.0,1,1,1,0,0,0,0,0,1,0,0,0,0,0,0,0,1,0,0
775,7.75,0,0,0,1,0,0,1,0,0,0,0,1,0,0,0,0,0,0,0
776,7.75,0,0,0,1,0,1,1,0,0,0,0,0,0,0,1,0,0,0,0
777,12.475,1,0,0,1,0,0,0,1,0,0,0,0,0,0,0,0,0,0,0
778,7.7375,0,0,0,1,0,1,1,0,0,0,0,0,0,0,1,0,0,0,0
779,211.3375,1,1,0,0,0,0,0,0,1,0,0,0,0,0,0,1,0,0,0
780,7.2292,1,0,0,1,1,0,0,1,0,0,0,1,0,0,0,0,0,0,0
781,57.0,1,1,0,0,0,0,0,0,1,0,0,1,0,0,0,0,0,0,0
782,30.0,0,0,0,0,0,0,1,0,0,0,0,0,0,1,0,0,0,0,0
783,23.45,0,1,0,1,0,0,1,0,0,0,0,0,0,0,1,0,0,0,0
784,7.05,0,0,0,1,0,0,1,0,0,0,0,0,0,1,0,0,0,0,0
785,7.25,0,0,0,1,0,0,1,0,0,0,0,0,0,1,0,0,0,0,0
786,7.4958,1,0,0,1,0,0,0,1,0,0,0,1,0,0,0,0,0,0,0
787,29.125,0,1,0,1,0,1,0,0,0,1,1,0,0,0,0,0,0,0,0
788,20.575,1,1,0,1,0,0,0,0,0,1,0,0,0,0,0,0,0,0,0
789,79.2,0,0,0,0,1,0,1,0,0,0,0,0,0,0,0,1,0,0,0
790,7.75,0,0,0,1,0,1,1,0,0,0,0,0,0,0,1,0,0,0,0
791,26.0,0,0,1,0,0,0,1,0,0,0,0,1,0,0,0,0,0,0,0
792,69.55,0,1,0,1,0,0,0,1,0,0,0,0,0,1,0,0,0,0,0
793,30.6958,0,0,0,0,1,0,1,0,0,0,0,0,0,0,1,0,0,0,0
794,7.8958,0,0,0,1,0,0,1,0,0,0,0,0,0,1,0,0,0,0,0
795,13.0,0,0,1,0,0,0,1,0,0,0,0,0,0,0,1,0,0,0,0
796,25.9292,1,0,0,0,0,0,0,0,0,0,0,0,0,0,0,1,0,0,0
797,8.6833,1,0,0,1,0,0,0,0,1,0,0,0,0,0,1,0,0,0,0
798,7.2292,0,0,0,1,1,0,1,0,0,0,0,0,0,1,0,0,0,0,0
799,24.15,0,1,0,1,0,0,0,0,1,0,0,0,0,1,0,0,0,0,0
800,13.0,0,0,1,0,0,0,1,0,0,0,0,0,0,0,1,0,0,0,0
801,26.25,1,1,1,0,0,0,0,0,1,0,0,0,0,0,1,0,0,0,0
802,120.0,1,1,0,0,0,0,0,0,0,1,1,0,0,0,0,0,0,0,0
803,8.5167,1,1,0,1,1,0,0,0,0,1,0,0,0,0,0,0,0,0,0
804,6.975,1,0,0,1,0,0,1,0,0,0,0,0,0,1,0,0,0,0,0
805,7.775,0,0,0,1,0,0,1,0,0,0,0,0,0,0,1,0,0,0,0
806,0.0,0,0,0,0,0,0,1,0,0,0,0,0,0,0,1,0,0,0,0
807,7.775,0,0,0,1,0,0,0,1,0,0,0,1,0,0,0,0,0,0,0
808,13.0,0,0,1,0,0,0,1,0,0,0,0,0,0,0,1,0,0,0,0
809,53.1,1,1,0,0,0,0,0,0,1,0,0,0,0,0,1,0,0,0,0
810,7.8875,0,0,0,1,0,0,1,0,0,0,0,0,0,1,0,0,0,0,0
811,24.15,0,0,0,1,0,0,1,0,0,0,0,0,0,0,1,0,0,0,0
812,10.5,0,0,1,0,0,0,1,0,0,0,0,0,0,0,1,0,0,0,0
813,31.275,0,1,0,1,0,0,0,1,0,0,1,0,0,0,0,0,0,0,0
814,8.05,0,0,0,1,0,0,1,0,0,0,0,0,0,0,1,0,0,0,0
815,0.0,0,0,0,0,0,0,1,0,0,0,0,0,0,0,1,0,0,0,0
816,7.925,0,0,0,1,0,0,0,1,0,0,0,0,0,1,0,0,0,0,0
817,37.0042,0,1,1,0,1,0,1,0,0,0,0,0,0,0,1,0,0,0,0
818,6.45,0,0,0,1,0,0,1,0,0,0,0,0,0,0,0,1,0,0,0
819,27.9,0,1,0,1,0,0,0,0,0,1,1,0,0,0,0,0,0,0,0
820,93.5,1,1,0,0,0,0,0,0,1,0,0,0,0,0,0,0,1,0,0
821,8.6625,1,0,0,1,0,0,1,0,0,0,0,0,0,1,0,0,0,0,0
822,0.0,0,0,0,0,0,0,0,0,0,0,0,0,0,0,1,0,0,0,0
823,12.475,1,1,0,1,0,0,0,0,1,0,0,0,0,1,0,0,0,0,0
824,39.6875,0,1,0,1,0,0,0,0,0,1,0,0,0,0,0,0,0,0,0
825,6.95,0,0,0,1,0,1,1,0,0,0,0,0,0,0,1,0,0,0,0
826,56.4958,0,0,0,1,0,0,1,0,0,0,0,0,0,0,1,0,0,0,0
827,37.0042,1,1,1,0,1,0,0,0,0,1,0,0,0,0,0,0,0,0,0
828,7.75,1,0,0,1,0,1,1,0,0,0,0,0,0,0,1,0,0,0,0
829,80.0,1,0,0,0,0,0,0,0,1,0,0,0,0,0,0,0,0,1,0
830,14.4542,1,1,0,1,1,0,0,0,1,0,0,1,0,0,0,0,0,0,0
831,18.75,1,1,1,0,0,0,0,0,0,1,0,0,0,0,0,0,0,0,0
832,7.2292,0,0,0,1,1,0,1,0,0,0,0,0,0,0,1,0,0,0,0
833,7.8542,0,0,0,1,0,0,1,0,0,0,0,0,0,1,0,0,0,0,0
834,8.3,0,0,0,1,0,0,1,0,0,0,0,1,0,0,0,0,0,0,0
835,83.1583,1,1,0,0,1,0,0,1,0,0,0,0,0,0,1,0,0,0,0
836,8.6625,0,0,0,1,0,0,1,0,0,0,0,0,1,0,0,0,0,0,0
837,8.05,0,0,0,1,0,0,1,0,0,0,0,0,0,0,1,0,0,0,0
838,56.4958,1,0,0,1,0,0,1,0,0,0,0,0,0,0,1,0,0,0,0
839,29.7,1,0,0,0,1,0,1,0,0,0,0,0,0,0,1,0,0,0,0
840,7.925,0,0,0,1,0,0,1,0,0,0,0,0,1,0,0,0,0,0,0
841,10.5,0,0,1,0,0,0,1,0,0,0,0,1,0,0,0,0,0,0,0
842,31.0,1,0,0,0,1,0,0,1,0,0,0,0,0,1,0,0,0,0,0
843,6.4375,0,0,0,1,1,0,1,0,0,0,0,0,0,0,1,0,0,0,0
844,8.6625,0,0,0,1,0,0,1,0,0,0,0,1,0,0,0,0,0,0,0
845,7.55,0,0,0,1,0,0,1,0,0,0,0,0,0,0,0,1,0,0,0
846,69.55,0,1,0,1,0,0,1,0,0,0,0,0,0,0,1,0,0,0,0
847,7.8958,0,0,0,1,1,0,1,0,0,0,0,0,0,0,1,0,0,0,0
848,33.0,0,1,1,0,0,0,0,0,0,0,0,0,0,1,0,0,0,0,0
849,89.1042,1,1,0,0,1,0,0,0,1,0,0,0,0,0,1,0,0,0,0
850,31.275,0,1,0,1,0,0,0,0,0,1,0,0,0,0,0,0,0,0,0
851,7.775,0,0,0,1,0,0,1,0,0,0,0,0,0,0,0,0,0,0,1
852,15.2458,0,1,0,1,1,0,0,1,0,0,1,0,0,0,0,0,0,0,0
853,39.4,1,1,0,0,0,0,0,1,0,0,0,1,0,0,0,0,0,0,0
854,26.0,0,1,1,0,0,0,0,0,1,0,0,0,0,0,0,1,0,0,0
855,9.35,1,1,0,1,0,0,0,0,1,0,0,1,0,0,0,0,0,0,0
856,164.8667,1,1,0,0,0,0,0,0,1,0,0,0,0,0,0,1,0,0,0
857,26.55,1,0,0,0,0,0,1,0,0,0,0,0,0,0,0,0,1,0,0
858,19.2583,1,1,0,1,1,0,0,0,1,0,0,0,0,1,0,0,0,0,0
859,7.2292,0,0,0,1,1,0,1,0,0,0,0,0,0,0,1,0,0,0,0
860,14.1083,0,1,0,1,0,0,1,0,0,0,0,0,0,0,0,1,0,0,0
861,11.5,0,1,1,0,0,0,1,0,0,0,0,0,1,0,0,0,0,0,0
862,25.9292,1,0,0,0,0,0,0,0,1,0,0,0,0,0,0,1,0,0,0
863,69.55,0,1,0,1,0,0,0,1,0,0,0,0,0,1,0,0,0,0,0
864,13.0,0,0,1,0,0,0,1,0,0,0,0,0,0,1,0,0,0,0,0
865,13.0,1,0,1,0,0,0,0,0,1,0,0,0,0,0,0,1,0,0,0
866,13.8583,1,1,1,0,1,0,0,1,0,0,0,0,0,1,0,0,0,0,0
867,50.4958,0,0,0,0,0,0,1,0,0,0,0,0,0,0,1,0,0,0,0
868,9.5,0,0,0,1,0,0,1,0,0,0,0,0,0,0,1,0,0,0,0
869,11.1333,1,1,0,1,0,0,0,0,0,1,0,0,0,0,0,0,0,0,0
870,7.8958,0,0,0,1,0,0,1,0,0,0,0,0,0,1,0,0,0,0,0
871,52.5542,1,1,0,0,0,0,0,0,1,0,0,0,0,0,0,1,0,0,0
872,5.0,0,0,0,0,0,0,1,0,0,0,0,0,0,0,1,0,0,0,0
873,9.0,0,0,0,1,0,0,1,0,0,0,0,0,0,0,0,1,0,0,0
874,24.0,1,1,1,0,1,0,0,0,1,0,0,0,0,1,0,0,0,0,0
875,7.225,1,0,0,1,1,0,0,1,0,0,0,1,0,0,0,0,0,0,0
876,9.8458,0,0,0,1,0,0,1,0,0,0,0,0,1,0,0,0,0,0,0
877,7.8958,0,0,0,1,0,0,1,0,0,0,0,0,1,0,0,0,0,0,0
878,7.8958,0,0,0,1,0,0,1,0,0,0,0,0,0,0,1,0,0,0,0
879,83.1583,1,1,0,0,1,0,0,0,1,0,0,0,0,0,0,0,1,0,0
880,26.0,1,1,1,0,0,0,0,0,1,0,0,0,0,1,0,0,0,0,0
881,7.8958,0,0,0,1,0,0,1,0,0,0,0,0,0,0,1,0,0,0,0
882,10.5167,0,0,0,1,0,0,0,1,0,0,0,0,0,1,0,0,0,0,0
883,10.5,0,0,1,0,0,0,1,0,0,0,0,0,0,1,0,0,0,0,0
884,7.05,0,0,0,1,0,0,1,0,0,0,0,0,0,1,0,0,0,0,0
885,29.125,0,1,0,1,0,1,0,0,1,0,0,0,0,0,1,0,0,0,0
886,13.0,0,0,1,0,0,0,0,0,0,0,0,0,0,1,0,0,0,0,0
887,30.0,1,0,0,0,0,0,0,1,0,0,0,0,1,0,0,0,0,0,0
888,23.45,0,1,0,1,0,0,0,1,0,0,0,0,0,1,0,0,0,0,0
889,30.0,1,0,0,0,1,0,1,0,0,0,0,0,0,1,0,0,0,0,0
890,7.75,0,0,0,1,0,1,1,0,0,0,0,0,0,0,1,0,0,0,0
